4x4=12,47MVgO7XNmxzoYSJIvqxAG
5 years of mau5,4uKFNr3KNqr4zeLWJfBC66
> album title goes here <,4zksvtV0HswF5ZRJS9QsfX
At Play,3xp9A0kXzxqUztRASTjVD5
At Play Vol. 2,7yYix5bdURcdnlmHTaitEz
At Play Vol. 3,5AzAgASWg9uetYvwOKOLFQ
At Play Vol. 4,5xjXARHTm4YSmQPDDFZO0W
"deadmau5 At Play, Vol. 5",7EfWC42oCPkqWKF0E5YCcm
For Lack Of A Better Album Title,0w9IOGzMnFxLzISgcnI11T
For Lack of a Better Name,6joEzRLMbBupLqV2MHQO6A
For Lack of a Better Name (The Extended Mixes),3eNZDL2rqTVvmiC1f0yFwF
here's the drop!,4sfJkir9qAPD7UqzG3z3uV
mau5ville: Level 1,1DH1jrRHjCyAEDwTmHmMZe
mau5ville: Level 2,1tTr7VbxsX7ZqGpPCx2Br4
mau5ville: Level 3,4GeNdEYBTmiJ1BDhd9fazL
Polar (Music from the Netflix Film),3kAKiw0kRCuSXsTBWbBc9X
Random Album Title,64SsM8JQXemXaXvHOmRTJe
Random Album Title (Unmixed Extended Versions),1vN0ln5O00vAWe5FEmUUst
Vexillology,3vGRamVI58koddmLcfX6mn
W:/2016ALBUM/,1m1V83RrHAsSfmmM8aKy0x
where's the drop?,4CJz7SiuYgxGPQSk4RMXBc
while(1<2),7iDqcnIHjisPl2Yf4hsf8f
